{
    "robot_root_name": "base",
    "human_root_name": "pelvis",
    "ground_height": 0.0,
    "human_height_assumption": 1.8,
    "use_ik_match_table1": true,
    "use_ik_match_table2": true,
    "human_scale_table": {
        "pelvis": 0.55,
        "left_hip": 0.55,
        "right_hip": 0.55,
        "left_knee": 0.55,
        "right_knee": 0.55,
        "left_foot": 0.55,
        "right_foot": 0.55,
        "left_shoulder": 0.55,
        "right_shoulder": 0.55,
        "left_elbow": 0.55,
        "right_elbow": 0.55,
        "left_wrist": 0.55,
        "right_wrist": 0.55
    },
    "ik_match_table1": {
        "base": [
            "pelvis",
            100,
            10,
            [
                0.0,
                0.0,
                0.0
            ],
            [
                0.5000000000000001,
                -0.5,
                -0.5,
                -0.4999999999999999
            ]
        ],
        "leg_left_hip_roll": [
            "left_hip",
            0,
            10,
            [
                0.0,
                0.0,
                0.0
            ],
            [
                0.6532813259368064,
                -0.6532813259368075,
                -0.27059842790054395,
                -0.27059842790054955
            ]
        ],
        "leg_left_knee_pitch": [
            "left_knee",
            0,
            10,
            [
                0.0,
                0.0,
                0.0
            ],
            [
                -0.7071067811863385,
                5.473171890286478e-07,
                5.473171898473517e-07,
                -0.707106781186333
            ]
        ],
        "leg_left_ankle_pitch": [
            "left_foot",
            50,
            10,
            [
                0.0,
                0.0,
                0.0
            ],
            [
                5.473171363983406e-07,
                0.7071067811863364,
                0.7071067811863352,
                5.473171418302059e-07
            ]
        ],
        "leg_right_hip_roll": [
            "right_hip",
            0,
            10,
            [
                0.0,
                0.0,
                0.0
            ],
            [
                0.6532813259368074,
                0.6532813259368064,
                -0.27059842790054983,
                0.270598427900544
            ]
        ],
        "leg_right_knee_pitch": [
            "right_knee",
            0,
            10,
            [
                0.0,
                0.0,
                0.0
            ],
            [
                5.473172134759861e-07,
                0.7071067811863387,
                0.7071067811863327,
                5.47317214549814e-07
            ]
        ],
        "leg_right_ankle_pitch": [
            "right_foot",
            50,
            10,
            [
                0.0,
                0.0,
                0.0
            ],
            [
                5.473172531315244e-07,
                0.7071067811863387,
                0.7071067811863329,
                5.473172542957983e-07
            ]
        ],
        "arm_left_shoulder_pitch": [
            "left_shoulder",
            0,
            10,
            [
                0.0,
                0.0,
                0.0
            ],
            [
                8.364857876226231e-14,
                -0.7071067811865475,
                -0.7071067811865477,
                8.365530490550555e-14
            ]
        ],
        "arm_left_elbow_pitch": [
            "left_elbow",
            0,
            10,
            [
                0.0,
                0.0,
                0.0
            ],
            [
                0.09229604902158768,
                -0.7010573723560024,
                0.701057372356405,
                0.09229604902180338
            ]
        ],
        "arm_left_hand_link": [
            "left_wrist",
            0,
            10,
            [
                0.0,
                0.0,
                0.0
            ],
            [
                -0.09229604902141572,
                0.7010573723562414,
                -0.09229604902196614,
                0.701057372356167
            ]
        ],
        "arm_right_shoulder_pitch": [
            "right_shoulder",
            0,
            10,
            [
                0.0,
                0.0,
                0.0
            ],
            [
                1.8643856701598353e-15,
                0.7071067811865487,
                -0.7071067811865465,
                -1.887379141862766e-15
            ]
        ],
        "arm_right_elbow_pitch": [
            "right_elbow",
            0,
            10,
            [
                0.0,
                0.0,
                0.0
            ],
            [
                0.0922960490217263,
                0.7010573723562611,
                0.7010573723561399,
                -0.09229604902171357
            ]
        ],
        "arm_right_hand_link": [
            "right_wrist",
            0,
            10,
            [
                0.0,
                0.0,
                0.0
            ],
            [
                0.09229604902178093,
                0.7010573723562032,
                0.09229604902165539,
                0.7010573723561981
            ]
        ]
    },
    "ik_match_table2": {
        "base": [
            "pelvis",
            100,
            5,
            [
                0.0,
                0.0,
                0.0
            ],
            [
                0.5000000000000001,
                -0.5,
                -0.5,
                -0.4999999999999999
            ]
        ],
        "leg_left_hip_roll": [
            "left_hip",
            10,
            5,
            [
                0.0,
                0.0,
                0.0
            ],
            [
                0.6532813259368064,
                -0.6532813259368075,
                -0.27059842790054395,
                -0.27059842790054955
            ]
        ],
        "leg_left_knee_pitch": [
            "left_knee",
            10,
            5,
            [
                0.0,
                0.0,
                0.0
            ],
            [
                -0.7071067811863385,
                5.473171890286478e-07,
                5.473171898473517e-07,
                -0.707106781186333
            ]
        ],
        "leg_left_ankle_pitch": [
            "left_foot",
            50,
            10,
            [
                0.0,
                0.0,
                0.0
            ],
            [
                5.473171363983406e-07,
                0.7071067811863364,
                0.7071067811863352,
                5.473171418302059e-07
            ]
        ],
        "leg_right_hip_roll": [
            "right_hip",
            10,
            5,
            [
                0.0,
                0.0,
                0.0
            ],
            [
                0.6532813259368074,
                0.6532813259368064,
                -0.27059842790054983,
                0.270598427900544
            ]
        ],
        "leg_right_knee_pitch": [
            "right_knee",
            10,
            5,
            [
                0.0,
                0.0,
                0.0
            ],
            [
                5.473172134759861e-07,
                0.7071067811863387,
                0.7071067811863327,
                5.47317214549814e-07
            ]
        ],
        "leg_right_ankle_pitch": [
            "right_foot",
            50,
            10,
            [
                0.0,
                0.0,
                0.0
            ],
            [
                5.473172531315244e-07,
                0.7071067811863387,
                0.7071067811863329,
                5.473172542957983e-07
            ]
        ],